unix_time,timestamp_wib,open,high,low,close,volume
1791323100,2026-10-07 04:45:00,1529000000,1531438000,1529000000,1531437000,0.14050790
1791324000,2026-10-07 05:00:00,1531437000,1531957000,1529002000,1530785000,0.08607014
1791324900,2026-10-07 05:15:00,1530785000,1531222000,1529003000,1530360000,0.05722061
1791325800,2026-10-07 05:30:00,1530237000,1530363000,1529002000,1529003000,0.05581208
1791326700,2026-10-07 05:45:00,1530238000,1530811000,1529004000,1529009000,0.02972376
1791327600,2026-10-07 06:00:00,1530216000,1530216000,1529009000,1529352000,0.01317304
1791328500,2026-10-07 06:15:00,1529352000,1529352000,1529009000,1529012000,0.02115482
1791329400,2026-10-07 06:30:00,1529012000,1529012000,1529011000,1529012000,0.10715140
1791330300,2026-10-07 06:45:00,1529012000,1529012000,1529011000,1529011000,0.00053075
